{"assets/logo.png":["assets/logo.png"],"course/about_this_course.md":["course/about_this_course.md"],"course/basic_phrases.md":["course/basic_phrases.md"],"course/reading_kannada.md":["course/reading_kannada.md"],"packages/cupertino_icons/assets/CupertinoIcons.ttf":["packages/cupertino_icons/assets/CupertinoIcons.ttf"],"res/conv/health_and_medicine.json":["res/conv/health_and_medicine.json"],"res/conv/in_a_restaurant.json":["res/conv/in_a_restaurant.json"],"res/conv/in_government_offices.json":["res/conv/in_government_offices.json"],"res/conv/in_the_market.json":["res/conv/in_the_market.json"],"res/conv/self_introductions.json":["res/conv/self_introductions.json"],"res/conv/sightseeing.json":["res/conv/sightseeing.json"],"res/conv/speaking_with_traffic_cops.json":["res/conv/speaking_with_traffic_cops.json"],"res/conv/using_a_cab.json":["res/conv/using_a_cab.json"],"res/gram/modality_suffixes.json":["res/gram/modality_suffixes.json"],"res/gram/negating_verbs.json":["res/gram/negating_verbs.json"],"res/gram/past_continuous.json":["res/gram/past_continuous.json"],"res/gram/past_simple.json":["res/gram/past_simple.json"],"res/gram/present_and_future.json":["res/gram/present_and_future.json"],"res/gram/present_continuous.json":["res/gram/present_continuous.json"],"res/gram/present_perfect.json":["res/gram/present_perfect.json"],"res/gram/verb_suffixes.json":["res/gram/verb_suffixes.json"],"res/reading/conjuncts.json":["res/reading/conjuncts.json"],"res/reading/consonants.json":["res/reading/consonants.json"],"res/reading/diacritics.json":["res/reading/diacritics.json"],"res/reading/digits.json":["res/reading/digits.json"],"res/reading/vowels.json":["res/reading/vowels.json"],"res/vocab/animals.json":["res/vocab/animals.json"],"res/vocab/basic_verbs.json":["res/vocab/basic_verbs.json"],"res/vocab/colors.json":["res/vocab/colors.json"],"res/vocab/directions.json":["res/vocab/directions.json"],"res/vocab/family.json":["res/vocab/family.json"],"res/vocab/fruits_and_vegetables.json":["res/vocab/fruits_and_vegetables.json"],"res/vocab/household_objects.json":["res/vocab/household_objects.json"],"res/vocab/more_verbs.json":["res/vocab/more_verbs.json"],"res/vocab/numbers.json":["res/vocab/numbers.json"],"res/vocab/pronouns.json":["res/vocab/pronouns.json"],"res/vocab/question_words.json":["res/vocab/question_words.json"],"res/vocab/swadesh_list.json":["res/vocab/swadesh_list.json"],"res/vocab/time_and_dates.json":["res/vocab/time_and_dates.json"]}