{
  "0": { 
    "english": "Hello",
    "kannada": "ನಮಸ್ಕಾರ",
    "transliteration": "namaskāra"
  },
  "1": {
    "english": "How are you?",
    "kannada": "ನೀವು ಹೇಗಿದ್ದೀರಿ",
    "transliteration": "nīvu hēgiddīri"
  },
  "3": {
    "english": "I am fine.",
    "kannada": "ನಾನು ಚೆನ್ನಾಗಿದ್ದೀನಿ",
    "transliteration": "nānu cennāgiddīni"
  },
  "4": {
    "english": "What is your name?",
    "kannada": "ನಿಮ್ಮ ಹೆಸರೇನು",
    "transliteration": "ನಿಮ್ಮ hesarēnu"
  },
  "5": {
    "english": "My name is ___.",
    "kannada": "ನನ್ನ ಹೆಸರು ___",
    "transliteration": "nanna hesaru ___"
  },
  "6": {
    "english": "What's up?",
    "kannada": "ಏನು ಸಮಾಚಾರ",
    "transliteration": "ēnu samācāra"
  },
  "7": {
    "english": "Where do you live?",
    "kannada": "ನಿಮ್ಮ ಮನೆ ಎಲ್ಲಿದೆ",
    "transliteration": "nimma mane ellide"
  },
  "8": {
    "english": "I live in ___.",
    "kannada": "ನನ್ನ ಮನೆ ___ನಲ್ಲಿದೆ",
    "transliteration": "nanna mane ___nallide"
  }
}
