{
  "0": {
    "english": "I Am -",
    "kannada": "-ತ ಇದ್ದೀನಿ",
    "transliteration": "-ta iddīni"
  },
  "1": {
    "english": "You (Singular) Are -",
    "kannada": "-ತ ಇದ್ದೀಯ",
    "transliteration": "-ta iddīya"
  },
  "2": {
    "english": "He Is -",
    "kannada": "-ತ ಇದ್ದಾನೆ",
    "transliteration": "-ta iddāne"
  },
  "3": {
    "english": "She Is -",
    "kannada": "-ತ ಇದ್ದಾಳೆ",
    "transliteration": "-ta iddāḷe"
  },
  "4": {
    "english": "It Is -",
    "kannada": "-ತ ಇದೆ",
    "transliteration": "-ta ide"
  },
  "5": {
    "english": "We Are -",
    "kannada": "-ತ ಇದ್ದೀವಿ",
    "transliteration": "-ta iddīvi"
  },
  "6": {
    "english": "You (Plural) Are -",
    "kannada": "-ತ ಇದ್ದೀರಿ",
    "transliteration": "-ta iddīri"
  },
  "7": {
    "english": "They Are -",
    "kannada": "-ತ ಇದ್ದಾರೆ",
    "transliteration": "-ta iddāre"
  }
}
