{
  "0": {
    "english": "kka",
    "kannada": "ಕ್ಕ",
    "transliteration": "[kka]"
  },
  "1": {
    "english": "kkha",
    "kannada": "ಕ್ಖ",
    "transliteration": "[kkʰa]"
  },
  "2": {
    "english": "kga",
    "kannada": "ಕ್ಗ",
    "transliteration": "[kɡa]"
  },
  "3": {
    "english": "kgha",
    "kannada": "ಕ್ಘ",
    "transliteration": "[kɡʱa]"
  },
  "4": {
    "english": "kṅa",
    "kannada": "ಕ್ಙ",
    "transliteration": "[kŋa]"
  },
  "5": {
    "english": "kca",
    "kannada": "ಕ್ಚ",
    "transliteration": "[ktʃa]"
  },
  "6": {
    "english": "kcha",
    "kannada": "ಕ್ಛ",
    "transliteration": "[ktʃʰa]"
  },
  "8": {
    "english": "kja",
    "kannada": "ಕ್ಜ",
    "transliteration": "[kdʒa]"
  },
  "9": {
    "english": "kjha",
    "kannada": "ಕ್ಝ",
    "transliteration": "[kdʒʱa]"
  },
  "10": {
    "english": "kña",
    "kannada": "ಕ್ಞ",
    "transliteration": "[kɲa]"
  },
  "11": {
    "english": "kṭa",
    "kannada": "ಕ್ಟ",
    "transliteration": "[kʈa]"
  },
  "12": {
    "english": "kṭha",
    "kannada": "ಕ್ಠ",
    "transliteration": "[kʈʰa]"
  },
  "13": {
    "english": "kḍa",
    "kannada": "ಕ್ಡ",
    "transliteration": "[kɖa]"
  },
  "14": {
    "english": "kḍha",
    "kannada": "ಕ್ಢ",
    "transliteration": "[kɖʱa]"
  },
  "15": {
    "english": "kṇa",
    "kannada": "ಕ್ಣ",
    "transliteration": "[kɳa]"
  },
  "16": {
    "english": "kta",
    "kannada": "ಕ್ತ",
    "transliteration": "[kt̪a]"
  },
  "17": {
    "english": "ktha",
    "kannada": "ಕ್ಥ",
    "transliteration": "[kt̪ʰa]"
  },
  "18": {
    "english": "kda",
    "kannada": "ಕ್ದ",
    "transliteration": "[kd̪a]"
  },
  "19": {
    "english": "kdha",
    "kannada": "ಕ್ಧ",
    "transliteration": "[kd̪ʱa]"
  },
  "20": {
    "english": "kna",
    "kannada": "ಕ್ನ",
    "transliteration": "[kn̪a]"
  },
  "21": {
    "english": "kpa",
    "kannada": "ಕ್ಪ",
    "transliteration": "[kpa]"
  },
  "22": {
    "english": "kpha",
    "kannada": "ಕ್ಫ",
    "transliteration": "[kpʰa]"
  },
  "23": {
    "english": "kba",
    "kannada": "ಕ್ಬ",
    "transliteration": "[kba]"
  },
  "24": {
    "english": "kbha",
    "kannada": "ಕ್ಭ",
    "transliteration": "[kbʱa]"
  },
  "25": {
    "english": "kma",
    "kannada": "ಕ್ಮ",
    "transliteration": "[kma]"
  },
  "26": {
    "english": "kya",
    "kannada": "ಕ್ಯ",
    "transliteration": "[kja]"
  },
  "27": {
    "english": "kra",
    "kannada": "ಕ್ರ",
    "transliteration": "[kra]"
  },
  "28": {
    "english": "rka",
    "kannada": "ರ್ಕ",
    "transliteration": "[rka]"
  },
  "29": {
    "english": "kṟa",
    "kannada": "ಕ್ಱ",
    "transliteration": "[kra]"
  },
  "30": {
    "english": "kla",
    "kannada": "ಕ್ಲ",
    "transliteration": "[kl̪a]"
  },
  "31": {
    "english": "kva",
    "kannada": "ಕ್ವ",
    "transliteration": "[kʋa]"
  },
  "32": {
    "english": "kśa",
    "kannada": "ಕ್ಶ",
    "transliteration": "[kʃa]"
  },
  "33": {
    "english": "kṣa",
    "kannada": "ಕ್ಷ",
    "transliteration": "[kʂa]"
  },
  "34": {
    "english": "ksa",
    "kannada": "ಕ್ಸ",
    "transliteration": "[ksa]"
  },
  "35": {
    "english": "kha",
    "kannada": "ಕ್ಹ",
    "transliteration": "[kħa]"
  },
  "36": {
    "english": "kḷa",
    "kannada": "ಕ್ಳ",
    "transliteration": "[kɭa]"
  },
  "37": {
    "english": "kḻ",
    "kannada": "ಕ್ೞ",
    "transliteration": "[kɭa]"
  }
}
