{
  "0": {
    "english": "ka",
    "kannada": "ಕ",
    "transliteration": "[ka]"
  },
  "1": {
    "english": "kā",
    "kannada": "ಕಾ",
    "transliteration": "[kaː]"
  },
  "2": {
    "english": "ki",
    "kannada": "ಕಿ",
    "transliteration": "[ki]"
  },
  "3": {
    "english": "kī",
    "kannada": "ಕೀ",
    "transliteration": "[kiː]"
  },
  "4": {
    "english": "ku",
    "kannada": "ಕು",
    "transliteration": "[ku]"
  },
  "5": {
    "english": "kū",
    "kannada": "ಕೂ",
    "transliteration": "[kuː]"
  },
  "6": {
    "english": "kr̥",
    "kannada": "ಕೃ",
    "transliteration": "[kɾu]"
  },
  "7": {
    "english": "kr̥̄",
    "kannada": "ಕೄ",
    "transliteration": "[kɾuː]"
  },
  "8": {
    "english": "ke",
    "kannada": "ಕೆ",
    "transliteration": "[ke]"
  },
  "9": {
    "english": "kē",
    "kannada": "ಕೇ",
    "transliteration": "[keː]"
  },
  "10": {
    "english": "kai",
    "kannada": "ಕೈ",
    "transliteration": "[kaj]"
  },
  "11": {
    "english": "ko",
    "kannada": "ಕೊ",
    "transliteration": "[ko]"
  },
  "12": {
    "english": "kō",
    "kannada": "ಕೊ",
    "transliteration": "[koː]"
  },
  "13": {
    "english": "kau",
    "kannada": "ಕೌ",
    "transliteration": "[kaw]"
  },
  "14": {
    "english": "kaṁ",
    "kannada": "ಕಂ ",
    "transliteration": "[kam]"
  },
  "15": {
    "english": "kaḥ",
    "kannada": "ಕಃ",
    "transliteration": "[kah]"
  }
}
