{
  "0": {
    "english": "a",
    "kannada": "ಅ",
    "transliteration": "[a]"
  },
  "1": {
    "english": "ā",
    "kannada": "ಆ",
    "transliteration": "[aː]"
  },
  "2": {
    "english": "i",
    "kannada": "ಇ",
    "transliteration": "[i]"
  },
  "3": {
    "english": "ī",
    "kannada": "ಈ",
    "transliteration": "[iː]"
  },
  "4": {
    "english": "u",
    "kannada": "ಉ",
    "transliteration": "[u]"
  },
  "5": {
    "english": "ū",
    "kannada": "ಊ",
    "transliteration": "[uː]"
  },
  "6": {
    "english": "r̥",
    "kannada": "ಋ",
    "transliteration": "[ɾu]"
  },
  "7": {
    "english": "r̥̄",
    "kannada": "ೠ",
    "transliteration": "[ɾuː]"
  },
  "8": {
    "english": "e",
    "kannada": "ಎ",
    "transliteration": "[e]"
  },
  "9": {
    "english": "ē",
    "kannada": "ಏ",
    "transliteration": "[eː]"
  },
  "10": {
    "english": "ai",
    "kannada": "ಐ",
    "transliteration": "[aj]"
  },
  "11": {
    "english": "o",
    "kannada": "ಒ",
    "transliteration": "[o]"
  },
  "12": {
    "english": "ō",
    "kannada": "ಓ",
    "transliteration": "[oː]"
  },
  "13": {
    "english": "au",
    "kannada": "ಔ",
    "transliteration": "[aw]"
  },
  "14": {
    "english": "aṁ",
    "kannada": "ಅಂ",
    "transliteration": "[am]"
  },
  "15": {
    "english": "aḥ",
    "kannada": "ಅಃ",
    "transliteration": "[ah]"
  }
}
