{
  "0": {
    "english": "Zero",
    "kannada": "ಸೊನ್ನೆ",
    "transliteration": "sonnē"
  },
  "1": {
    "english": "One",
    "kannada": "ಒಂದು",
    "transliteration": "ondu"
  },
  "2": {
    "english": "Two",
    "kannada": "ಎರಡು",
    "transliteration": "ēraḍu"
  },
  "3": {
    "english": "Three",
    "kannada": "ಮೂರು",
    "transliteration": "mūru"
  },
  "4": {
    "english": "Four",
    "kannada": "ನಾಲ್ಕು",
    "transliteration": "nālku"
  },
  "5": {
    "english": "Five",
    "kannada": "ಐದು",
    "transliteration": "aidu"
  },
  "6": {
    "english": "Six",
    "kannada": "ಆರು",
    "transliteration": "āru"
  },
  "7": {
    "english": "Seven",
    "kannada": "ಏಳು",
    "transliteration": "ēḷu"
  },
  "8": {
    "english": "Eight",
    "kannada": "ಎಂಟು",
    "transliteration": "ēṇṭu"
  },
  "9": {
    "english": "Nine",
    "kannada": "ಒಂಬತ್ತು",
    "transliteration": "ombattu"
  },
  "10": {
    "english": "Ten",
    "kannada": "ಹತ್ತು",
    "transliteration": "hattu"
  },
  "11": {
    "english": "Eleven",
    "kannada": "ಹನ್ನೊಂದು",
    "transliteration": "hannondu"
  },
  "12": {
    "english": "Twelve",
    "kannada": "ಹನ್ನೆರಡು",
    "transliteration": "hannēraḍu"
  },
  "13": {
    "english": "Thirteen",
    "kannada": "ಹದಿಮೂರು",
    "transliteration": "hadimūru"
  },
  "14": {
    "english": "Fourteen",
    "kannada": "ಹದಿನಾಲ್ಕು",
    "transliteration": "hadinālku"
  },
  "15": {
    "english": "Fifteen",
    "kannada": "ಹದಿನೈದು",
    "transliteration": "hadinaidu"
  },
  "16": {
    "english": "Sixteen",
    "kannada": "ಹದಿನಾರು",
    "transliteration": "hadināaru"
  },
  "17": {
    "english": "Seventeen",
    "kannada": "ಹದಿನೇಳು",
    "transliteration": "hadinēḷu"
  },
  "18": {
    "english": "Eighteen",
    "kannada": "ಹದಿನೆಂಟು",
    "transliteration": "hadinēṇṭu"
  },
  "19": {
    "english": "Nineteen",
    "kannada": "ಹತ್ತೊಂಬತ್ತು",
    "transliteration": "hattombattu"
  },
  "20": {
    "english": "Twenty",
    "kannada": "ಇಪ್ಪತ್ತು",
    "transliteration": "ippattu"
  },
  "21": {
    "english": "Twenty One",
    "kannada": "ಇಪ್ಪತ್ತೊಂದು",
    "transliteration": "ippattondu"
  },
  "22": {
    "english": "Twenty Two",
    "kannada": "ಇಪ್ಪತ್ತೆರಡು",
    "transliteration": "ippattēraḍu"
  },
  "23": {
    "english": "Twenty Three",
    "kannada": "ಇಪ್ಪತ್ತಮೂರು",
    "transliteration": "ippatmūru"
  },
  "24": {
    "english": "Twenty Four",
    "kannada": "ಇಪ್ಪತ್ತನಾಲ್ಕು",
    "transliteration": "ippatnālku"
  },
  "25": {
    "english": "Twenty Five",
    "kannada": "ಇಪ್ಪತ್ತೈದು",
    "transliteration": "ippattaidu"
  },
  "26": {
    "english": "Twenty Six",
    "kannada": "ಇಪ್ಪತ್ತಾರು",
    "transliteration": "ippattāru"
  },
  "27": {
    "english": "Twenty Seven",
    "kannada": "ಇಪ್ಪತ್ತೇಳು",
    "transliteration": "ippattēḷu"
  },
  "28": {
    "english": "Twenty Eight",
    "kannada": "ಇಪ್ಪತ್ತೆಂಟು",
    "transliteration": "ippattēṇṭu"
  },
  "29": {
    "english": "Twenty Nine",
    "kannada": "ಇಪ್ಪತ್ತೊಂಬತ್ತು",
    "transliteration": "ippattombattu"
  },
  "30": {
    "english": "Thirty",
    "kannada": "ಮೂವತ್ತು",
    "transliteration": "mūvattu"
  },
  "31": {
    "english": "Thirty One",
    "kannada": "ಮೂವತ್ತೊಂದು",
    "transliteration": "muvattondu"
  },
  "32": {
    "english": "Thirty Two",
    "kannada": "ಮೂವತ್ತೆರಡು",
    "transliteration": "muvattēraḍu"
  },
  "33": {
    "english": "Thirty Three",
    "kannada": "ಮುವತ್ತ ಮೂರು",
    "transliteration": "muvatmūru"
  },
  "34": {
    "english": "Thirty Four",
    "kannada": "ಮೂವತ್ತು ನಾಲ್ಕು",
    "transliteration": "mūvatnālku"
  },
  "35": {
    "english": "Thirty Five",
    "kannada": "ಮೂವತ್ತು ಐದು",
    "transliteration": "mūvattaidu"
  },
  "36": {
    "english": "Thirty Six",
    "kannada": "ಮೂವತ್ತು ಆರು",
    "transliteration": "mūvattāaru"
  },
  "37": {
    "english": "Thirty Seven",
    "kannada": "ಮೂವತ್ತು ಏಳು",
    "transliteration": "mūvattēḷu"
  },
  "38": {
    "english": "Thirty Eight",
    "kannada": "ಮೂವತ್ತು ಎಂಟು",
    "transliteration": "mūvattēṇṭu"
  },
  "39": {
    "english": "Thirty Nine",
    "kannada": "ಮೂವತ್ತು ಒಂಬತ್ತು",
    "transliteration": "mūvattombattu"
  },
  "40": {
    "english": "Fourty",
    "kannada": "ನಲವತ್ತು",
    "transliteration": "nalavattu"
  },
  "41": {
    "english": "Fifty",
    "kannada": "ಐವತ್ತು",
    "transliteration": "aivattu"
  },
  "42": {
    "english": "Sixty",
    "kannada": "ಅರುವತ್ತು",
    "transliteration": "aruvattu"
  },
  "43": {
    "english": "Seventy",
    "kannada": "ಎಪ್ಪತ್ತು",
    "transliteration": "ēppattu"
  },
  "44": {
    "english": "Eighty",
    "kannada": "ಎಂಬತ್ತು",
    "transliteration": "ēmbattu"
  },
  "45": {
    "english": "Ninety",
    "kannada": "ತೊಂಬತ್ತು",
    "transliteration": "tombattu"
  },
  "46": {
    "english": "Hundred",
    "kannada": "ನೂರು",
    "transliteration": "nūru"
  },
  "47": {
    "english": "Thousand",
    "kannada": "ಸಾವಿರ",
    "transliteration": "sāvira"
  },
  "48": {
    "english": "Hundred Thousand",
    "kannada": "ಒಂದು ಲಕ್ಷ",
    "transliteration": "ondu lakṣa"
  },
  "49": {
    "english": "Million",
    "kannada": "ಹತ್ತು ಲಕ್ಷ",
    "transliteration": "hattu lakṣa"
  },
  "50": {
    "english": "Ten Million",
    "kannada": "ಕೋಟಿ",
    "transliteration": "kōṭi"
  }
}
